lib,pattern,transport,size,metric,value
beast,STREAM,tcp,64,throughput,2.82521e+06
beast,STREAM,tcp,64,latency,15.1802
beast,STREAM,tcp,256,throughput,2.30512e+06
beast,STREAM,tcp,256,latency,14.592
beast,STREAM,tcp,1024,throughput,625720
beast,STREAM,tcp,1024,latency,14.7893
beast,STREAM,tcp,65536,throughput,119970
beast,STREAM,tcp,65536,latency,25.3465
beast,STREAM,tcp,131072,throughput,67839.7
beast,STREAM,tcp,131072,latency,30.9052
beast,STREAM,tcp,262144,throughput,36325.6
beast,STREAM,tcp,262144,latency,41.1269
beast,STREAM,ws,64,throughput,707273
beast,STREAM,ws,64,latency,14.4485
beast,STREAM,ws,256,throughput,687807
beast,STREAM,ws,256,latency,14.5134
beast,STREAM,ws,1024,throughput,573838
beast,STREAM,ws,1024,latency,15.4455
beast,STREAM,ws,65536,throughput,33576.7
beast,STREAM,ws,65536,latency,34.9912
beast,STREAM,ws,131072,throughput,16946.9
beast,STREAM,ws,131072,latency,52.8826
beast,STREAM,ws,262144,throughput,8592.26
beast,STREAM,ws,262144,latency,87.215
beast,STREAM,tls,64,throughput,509048
beast,STREAM,tls,64,latency,18.899
beast,STREAM,tls,256,throughput,506294
beast,STREAM,tls,256,latency,18.0598
beast,STREAM,tls,1024,throughput,455058
beast,STREAM,tls,1024,latency,18.2535
beast,STREAM,tls,65536,throughput,43180.1
beast,STREAM,tls,65536,latency,47.009
beast,STREAM,tls,131072,throughput,22608.1
beast,STREAM,tls,131072,latency,69.3149
beast,STREAM,tls,262144,throughput,11648.5
beast,STREAM,tls,262144,latency,108.807
beast,STREAM,wss,64,throughput,504147
beast,STREAM,wss,64,latency,17.7451
beast,STREAM,wss,256,throughput,487230
beast,STREAM,wss,256,latency,17.5673
beast,STREAM,wss,1024,throughput,437292
beast,STREAM,wss,1024,latency,18.3267
beast,STREAM,wss,65536,throughput,20758.2
beast,STREAM,wss,65536,latency,54.303
beast,STREAM,wss,131072,throughput,10490
beast,STREAM,wss,131072,latency,93.1436
beast,STREAM,wss,262144,throughput,5206.53
beast,STREAM,wss,262144,latency,160.129
